Choice_1,Acclimation,total_trial,num_sucesses,p_value,CI_95_upper,CI_95_lower,prob_sucess
Bisected_Anemone,asw,28,11,0.344928450882435,0.594231793512437,0.215042829160961,0.392857142857143
Feeding_Conspecific,asw,24,6,0.0226558446884156,0.467112802422669,0.0977304094745331,0.25
Feeding_Conspecific,asw+anemone,28,13,0.850554019212724,0.6613009238854,0.275108560296596,0.464285714285714
Feeding_Conspecific+Slime_Trail,asw,22,9,0.523467063903809,0.636453038270269,0.207093122997149,0.409090909090909
Feeding_Conspecific+Slime_Trail,asw+anemone,6,3,1,0.881882751242975,0.118117248757025,0.5
Munched_Anemone,asw+anemone,30,8,0.016124801710248,0.458893651394751,0.122794809872355,0.266666666666667
Munched_Anemone+Slime_Trail,asw+anemone,11,4,0.548828125,0.692095284988323,0.109263443819098,0.363636363636364
Slime_Trail,asw,40,23,0.429590507843387,0.729570968731137,0.408900580426964,0.575
Slime_Trail,asw+anemone,15,6,0.60723876953125,0.677130233793718,0.163364323859513,0.4
