Choice_1,total_trial,num_sucesses,p_value,CI_95_upper,CI_95_lower,prob_sucess
Feeding_Conspecific+Slime_Trail,16,10,0.454498291015625,0.848016324918878,0.354346094302078,0.625
Munched_Anemone,17,7,0.629058837890625,0.670752846053243,0.184436961783947,0.411764705882353
Slime_Trail,18,9,1,0.739809417104903,0.260190582895097,0.5
